{"nbformat":4,"nbformat_minor":0,"metadata":{"colab":{"provenance":[],"authorship_tag":"ABX9TyMDwuCK1f2Qx3mQ7ke+agaR"},"kernelspec":{"name":"python3","display_name":"Python 3"},"language_info":{"name":"python"}},"cells":[{"cell_type":"code","execution_count":1,"metadata":{"colab":{"base_uri":"https://localhost:8080/"},"id":"EDDROXc0mMzx","executionInfo":{"status":"ok","timestamp":1739488749493,"user_tz":360,"elapsed":21418,"user":{"displayName":"CS711 711 BETA","userId":"11837583817338767600"}},"outputId":"71c0752a-1424-4a7f-94d8-af19efe31f54"},"outputs":[{"output_type":"stream","name":"stdout","text":["Mounted at /content/drive\n","Renamed: Copy of 1. 1 (1).png -> Upward Facing Dog-01.png\n","Renamed: Copy of 1. 1.png -> Upward Facing Dog-02.png\n","Renamed: Copy of 1. 5-benefits-of-downward-facing-dog-pose.png -> Upward Facing Dog-03.png\n","Renamed: Copy of 10. screen-shot-2017-09-15-at-17.00.06-1024x585.png -> Upward Facing Dog-04.png\n","Renamed: Copy of 11. yoga_anatomy_using_muscle_awareness_to_lower_your_heels_in_downward_facing_dog_pose.png -> Upward Facing Dog-05.png\n","Renamed: Copy of 12. 66a62b8c606fd88e0401b5af0a7cbca7.png -> Upward Facing Dog-06.png\n","Renamed: Copy of 12. downward-facing-dog-pose.png -> Upward Facing Dog-07.png\n","Renamed: Copy of 13. downward-facing-dog-800x490.png -> Upward Facing Dog-08.png\n","Renamed: Copy of 14. downward-dog-pose-as-done-by-a-dog.png -> Upward Facing Dog-09.png\n","Renamed: Copy of 14. untitled_design_33.png -> Upward Facing Dog-10.png\n","Renamed: Copy of 16. one-leg-downward-facing-dog-yoga-pose.png -> Upward Facing Dog-11.png\n","Renamed: Copy of 17. screen_shot_2014-03-20_at_2.05.15_pm.png -> Upward Facing Dog-12.png\n","Renamed: Copy of 18. screenshot_20180504-085613-450x800.png -> Upward Facing Dog-13.png\n","Renamed: Copy of 19. 1-adho-mukha-svanasana.png -> Upward Facing Dog-14.png\n","Renamed: Copy of 2. screen-shot-2017-09-15-at-17.00.06-1024x585.png -> Upward Facing Dog-15.png\n","Renamed: Copy of 21. adho-mukha-svanasana.png -> Upward Facing Dog-16.png\n","Renamed: Copy of 22. photo-17-05-2015-18-28-30.png -> Upward Facing Dog-17.png\n","Renamed: Copy of 23. george7.png -> Upward Facing Dog-18.png\n","Renamed: Copy of 24. dsc_1007-resized-600.jpg -> Upward Facing Dog-19.jpg\n","Renamed: Copy of 25. 11.png -> Upward Facing Dog-20.png\n","Renamed: Copy of 28. screen-shot-2017-10-30-at-2.24.06-pm.png -> Upward Facing Dog-21.png\n","Renamed: Copy of 29. adho-mukha-svanasana.png -> Upward Facing Dog-22.png\n","Renamed: Copy of 3. downward-facing-dog-pose-567x567.png -> Upward Facing Dog-23.png\n","Renamed: Copy of 32. 1473984207.png -> Upward Facing Dog-24.png\n","Renamed: Copy of 32. down_dog_orthocarolina_winston.png -> Upward Facing Dog-25.png\n","Renamed: Copy of 33. screenshot_2015-02-10-12-04-46.png -> Upward Facing Dog-26.png\n","Renamed: Copy of 34. adho-mukha-svanasana.png -> Upward Facing Dog-27.png\n","Renamed: Copy of 35. 068155f5a8d0310c34a6ed06cb089294.png -> Upward Facing Dog-28.png\n","Renamed: Copy of 36. downward-facing-dog-800x490.png -> Upward Facing Dog-29.png\n","Renamed: Copy of 39. screen-shot-2019-01-02-at-5.02.56-pm.png -> Upward Facing Dog-30.png\n","Renamed: Copy of 39. untitled10.png -> Upward Facing Dog-31.png\n","Renamed: Copy of 4. adho-mukha-svanasana-downward-dog-pose.png -> Upward Facing Dog-32.png\n","Renamed: Copy of 4. downward-facing-dog.png -> Upward Facing Dog-33.png\n","Renamed: Copy of 42. img_1199.png -> Upward Facing Dog-34.png\n","Renamed: Copy of 43. down_dog.png -> Upward Facing Dog-35.png\n","Renamed: Copy of 43. downward-facing-dog-reboot-1.png -> Upward Facing Dog-36.png\n","Renamed: Copy of 45. 3_alignment_instructions_to_reconsider.png -> Upward Facing Dog-37.png\n","Renamed: Copy of 46. yoga7b-754x394.png -> Upward Facing Dog-38.png\n","Renamed: Copy of 47. downward-facing-dog-520x400.png -> Upward Facing Dog-39.png\n","Renamed: Copy of 47. downward-facing-dog.png -> Upward Facing Dog-40.png\n","Renamed: Copy of 49. adho-mukha-svanasana-768x429.png -> Upward Facing Dog-41.png\n","Renamed: Copy of 5. f3949d27c6de7f86a293f207a49e1cf4.png -> Upward Facing Dog-42.png\n","Renamed: Copy of 50. blog-14-size.png -> Upward Facing Dog-43.png\n","Renamed: Copy of 51. screenshot_20180409-154224.png -> Upward Facing Dog-44.png\n","Renamed: Copy of 54. bc56388aad161f17b93f5fb21faeddca.png -> Upward Facing Dog-45.png\n","Renamed: Copy of 55. screen+shot+2017-12-13+at+9.12.42+am.png -> Upward Facing Dog-46.png\n","Renamed: Copy of 56. dd2.png -> Upward Facing Dog-47.png\n","Renamed: Copy of 59. 1511793208433233.png -> Upward Facing Dog-48.png\n","Renamed: Copy of 60. adho-mukha-svanasana-downward-dog.png -> Upward Facing Dog-49.png\n","Renamed: Copy of 62. dog-base.png -> Upward Facing Dog-50.png\n","Renamed: Copy of 63. downward-facing-dog-yoga-pose-2.png -> Upward Facing Dog-51.png\n","Renamed: Copy of 67. downward-facing-dog-adho-mukha-svanasana.png -> Upward Facing Dog-52.png\n","Renamed: Copy of 7. 23-downward-facing-dog.png -> Upward Facing Dog-53.png\n","Renamed: Copy of 7. downward-facing-dog-yoga-pose-adjustment-adho-mukha-svanasana.png -> Upward Facing Dog-54.png\n","Renamed: Copy of 72. ff-4.png -> Upward Facing Dog-55.png\n","Renamed: Copy of 72.png -> Upward Facing Dog-56.png\n","Renamed: Copy of 73. d0c097f5131a546a004be3f0045aa074.png -> Upward Facing Dog-57.png\n","Renamed: Copy of 76. tri-pada-adho-mukha-svanasana1.png -> Upward Facing Dog-58.png\n","Renamed: Copy of 8. benefits-of-downward-dog_orig.png -> Upward Facing Dog-59.png\n","Renamed: Copy of 80. down-dog-in-stowe-vt-blog-1.png -> Upward Facing Dog-60.png\n","Renamed: Copy of 81. untitled1.png -> Upward Facing Dog-61.png\n","Renamed: Copy of 83. downward-dog_final_rev2.png -> Upward Facing Dog-62.png\n","Renamed: Copy of 85. adhomukhasavanasana-buildup.png -> Upward Facing Dog-63.png\n","Renamed: Copy of 88. adho-mukha-svanasana-pies-z-glowacca8-w-dol-840x400.png -> Upward Facing Dog-64.png\n","Renamed: Copy of 89. downward-facing-dog-yoga-pose.png -> Upward Facing Dog-65.png\n","Renamed: Copy of 91. screen-shot-2016-04-11-at-2.41.39-pm.png -> Upward Facing Dog-66.png\n","Renamed: Copy of 92. down-dog.png -> Upward Facing Dog-67.png\n","Renamed: Copy of 94. dog.png -> Upward Facing Dog-68.png\n","Renamed: Copy of 95. downward-facing-dog-pose.png -> Upward Facing Dog-69.png\n","Renamed: Copy of 95. screen-shot-2018-06-03-at-10-46-24-pm.png -> Upward Facing Dog-70.png\n","Renamed: Copy of 11-0.png -> Sleeping Vishnu Pose-01.png\n","Renamed: Copy of 14-0.png -> Sleeping Vishnu Pose-02.png\n","Renamed: Copy of 15-0.png -> Sleeping Vishnu Pose-03.png\n","Renamed: Copy of 16-0.png -> Sleeping Vishnu Pose-04.png\n","Renamed: Copy of 17-0.png -> Sleeping Vishnu Pose-05.png\n","Renamed: Copy of 18-0.png -> Sleeping Vishnu Pose-06.png\n","Renamed: Copy of 19-0.png -> Sleeping Vishnu Pose-07.png\n","Renamed: Copy of 2-0.png -> Sleeping Vishnu Pose-08.png\n","Renamed: Copy of 21-0.png -> Sleeping Vishnu Pose-09.png\n","Renamed: Copy of 25-1.png -> Sleeping Vishnu Pose-10.png\n","Renamed: Copy of 26-0.png -> Sleeping Vishnu Pose-11.png\n","Renamed: Copy of 27-0.png -> Sleeping Vishnu Pose-12.png\n","Renamed: Copy of 28-1.png -> Sleeping Vishnu Pose-13.png\n","Renamed: Copy of 29-0.png -> Sleeping Vishnu Pose-14.png\n","Renamed: Copy of 3-0.png -> Sleeping Vishnu Pose-15.png\n","Renamed: Copy of 31-0.png -> Sleeping Vishnu Pose-16.png\n","Renamed: Copy of 33-0.png -> Sleeping Vishnu Pose-17.png\n","Renamed: Copy of 34-0.png -> Sleeping Vishnu Pose-18.png\n","Renamed: Copy of 35-0.png -> Sleeping Vishnu Pose-19.png\n","Renamed: Copy of 36-0.png -> Sleeping Vishnu Pose-20.png\n","Renamed: Copy of 37-0.png -> Sleeping Vishnu Pose-21.png\n","Renamed: Copy of 39-0.png -> Sleeping Vishnu Pose-22.png\n","Renamed: Copy of 41-0.png -> Sleeping Vishnu Pose-23.png\n","Renamed: Copy of 42-0.png -> Sleeping Vishnu Pose-24.png\n","Renamed: Copy of 43-0.png -> Sleeping Vishnu Pose-25.png\n","Renamed: Copy of 43-1.png -> Sleeping Vishnu Pose-26.png\n","Renamed: Copy of 45-0.png -> Sleeping Vishnu Pose-27.png\n","Renamed: Copy of 46-0.png -> Sleeping Vishnu Pose-28.png\n","Renamed: Copy of 47-0.png -> Sleeping Vishnu Pose-29.png\n","Renamed: Copy of 48-0.png -> Sleeping Vishnu Pose-30.png\n","Renamed: Copy of 50-0.png -> Sleeping Vishnu Pose-31.png\n","Renamed: Copy of 66-0.png -> Sleeping Vishnu Pose-32.png\n","Renamed: Copy of 68-0.png -> Sleeping Vishnu Pose-33.png\n","Renamed: Copy of 7-0.png -> Sleeping Vishnu Pose-34.png\n","Renamed: Copy of 74-1.png -> Sleeping Vishnu Pose-35.png\n","Renamed: Copy of 77-0.png -> Sleeping Vishnu Pose-36.png\n","Renamed: Copy of 8-0.png -> Sleeping Vishnu Pose-37.png\n","Renamed: Copy of 80-0.png -> Sleeping Vishnu Pose-38.png\n","Renamed: Copy of 84-0.png -> Sleeping Vishnu Pose-39.png\n","Renamed: Copy of 9-0.png -> Sleeping Vishnu Pose-40.png\n","Renamed: Copy of 91-0.png -> Sleeping Vishnu Pose-41.png\n","Renamed: Copy of 92-0.png -> Sleeping Vishnu Pose-42.png\n","Renamed: Copy of 93-0.png -> Sleeping Vishnu Pose-43.png\n","Renamed: Copy of 0-0.png -> Half Moon Pose-01.png\n","Renamed: Copy of 11-0.png -> Half Moon Pose-02.png\n","Renamed: Copy of 13-0.png -> Half Moon Pose-03.png\n","Renamed: Copy of 15-0.png -> Half Moon Pose-04.png\n","Renamed: Copy of 16-0.png -> Half Moon Pose-05.png\n","Renamed: Copy of 17-0.png -> Half Moon Pose-06.png\n","Renamed: Copy of 19-0.png -> Half Moon Pose-07.png\n","Renamed: Copy of 20-0.png -> Half Moon Pose-08.png\n","Renamed: Copy of 23-0.png -> Half Moon Pose-09.png\n","Renamed: Copy of 24. half-moon-pose-700x400.jpeg -> Half Moon Pose-10.jpeg\n","Renamed: Copy of 26-0.png -> Half Moon Pose-11.png\n","Renamed: Copy of 27-0.png -> Half Moon Pose-12.png\n","Renamed: Copy of 29-0.png -> Half Moon Pose-13.png\n","Renamed: Copy of 31-0.png -> Half Moon Pose-14.png\n","Renamed: Copy of 34-0.png -> Half Moon Pose-15.png\n","Renamed: Copy of 35-0.png -> Half Moon Pose-16.png\n","Renamed: Copy of 37-0.png -> Half Moon Pose-17.png\n","Renamed: Copy of 38-0.png -> Half Moon Pose-18.png\n","Renamed: Copy of 42-0.png -> Half Moon Pose-19.png\n","Renamed: Copy of 45-0.png -> Half Moon Pose-20.png\n","Renamed: Copy of 46-0.png -> Half Moon Pose-21.png\n","Renamed: Copy of 49-0.png -> Half Moon Pose-22.png\n","Renamed: Copy of 5-0.png -> Half Moon Pose-23.png\n","Renamed: Copy of 51-0.png -> Half Moon Pose-24.png\n","Renamed: Copy of 6-0.png -> Half Moon Pose-25.png\n","Renamed: Copy of 62-0.png -> Half Moon Pose-26.png\n","Renamed: Copy of 63-0.png -> Half Moon Pose-27.png\n","Renamed: Copy of 64-0.png -> Half Moon Pose-28.png\n","Renamed: Copy of 65-0.png -> Half Moon Pose-29.png\n","Renamed: Copy of 67-0.png -> Half Moon Pose-30.png\n","Renamed: Copy of 68-0.png -> Half Moon Pose-31.png\n","Renamed: Copy of 71-0.png -> Half Moon Pose-32.png\n","Renamed: Copy of 73-0.png -> Half Moon Pose-33.png\n","Renamed: Copy of 74-0.png -> Half Moon Pose-34.png\n","Renamed: Copy of 75-0.png -> Half Moon Pose-35.png\n","Renamed: Copy of 78-0.png -> Half Moon Pose-36.png\n","Renamed: Copy of 8-0.png -> Half Moon Pose-37.png\n","Renamed: Copy of 80-0.png -> Half Moon Pose-38.png\n","Renamed: Copy of 82-0.png -> Half Moon Pose-39.png\n","Renamed: Copy of 83-0.png -> Half Moon Pose-40.png\n","Renamed: Copy of 85-0.png -> Half Moon Pose-41.png\n","Renamed: Copy of 86-0.png -> Half Moon Pose-42.png\n","Renamed: Copy of 87-0.png -> Half Moon Pose-43.png\n","Renamed: Copy of 89-0.png -> Half Moon Pose-44.png\n","Renamed: Copy of 9-0.png -> Half Moon Pose-45.png\n","Renamed: Copy of 90-0.png -> Half Moon Pose-46.png\n","Renamed: Copy of 91-0.png -> Half Moon Pose-47.png\n","Renamed: Copy of 91-1.png -> Half Moon Pose-48.png\n","Renamed: Copy of 91-2.png -> Half Moon Pose-49.png\n","Renamed: Copy of 91-3.png -> Half Moon Pose-50.png\n","Renamed: Copy of 93-0.png -> Half Moon Pose-51.png\n","Renamed: Copy of 98-0.png -> Half Moon Pose-52.png\n","Renamed: Copy of 0-0.png -> Cow Pose-01.png\n","Renamed: Copy of 10-0.png -> Cow Pose-02.png\n","Renamed: Copy of 10-1.png -> Cow Pose-03.png\n","Renamed: Copy of 11-0.png -> Cow Pose-04.png\n","Renamed: Copy of 12-0.png -> Cow Pose-05.png\n","Renamed: Copy of 14-0.png -> Cow Pose-06.png\n","Renamed: Copy of 15-0.png -> Cow Pose-07.png\n","Renamed: Copy of 16-0.png -> Cow Pose-08.png\n","Renamed: Copy of 17-0.png -> Cow Pose-09.png\n","Renamed: Copy of 18-0.png -> Cow Pose-10.png\n","Renamed: Copy of 19-0.png -> Cow Pose-11.png\n","Renamed: Copy of 2-0.png -> Cow Pose-12.png\n","Renamed: Copy of 2-1.png -> Cow Pose-13.png\n","Renamed: Copy of 20-0.png -> Cow Pose-14.png\n","Renamed: Copy of 24-0.png -> Cow Pose-15.png\n","Renamed: Copy of 25-0.png -> Cow Pose-16.png\n","Renamed: Copy of 26-0.png -> Cow Pose-17.png\n","Renamed: Copy of 27-0.png -> Cow Pose-18.png\n","Renamed: Copy of 28-0.png -> Cow Pose-19.png\n","Renamed: Copy of 29-0.png -> Cow Pose-20.png\n","Renamed: Copy of 3-0.png -> Cow Pose-21.png\n","Renamed: Copy of 3-1.png -> Cow Pose-22.png\n","Renamed: Copy of 30-0.png -> Cow Pose-23.png\n","Renamed: Copy of 31-0.png -> Cow Pose-24.png\n","Renamed: Copy of 32-0.png -> Cow Pose-25.png\n","Renamed: Copy of 33-0.png -> Cow Pose-26.png\n","Renamed: Copy of 34-0.png -> Cow Pose-27.png\n","Renamed: Copy of 34-1.png -> Cow Pose-28.png\n","Renamed: Copy of 35-0.png -> Cow Pose-29.png\n","Renamed: Copy of 36-0.png -> Cow Pose-30.png\n","Renamed: Copy of 37-0.png -> Cow Pose-31.png\n","Renamed: Copy of 38-0.png -> Cow Pose-32.png\n","Renamed: Copy of 39-0.png -> Cow Pose-33.png\n","Renamed: Copy of 40-0.png -> Cow Pose-34.png\n","Renamed: Copy of 41-0.png -> Cow Pose-35.png\n","Renamed: Copy of 42-0.png -> Cow Pose-36.png\n","Renamed: Copy of 43-0.png -> Cow Pose-37.png\n","Renamed: Copy of 45-0.png -> Cow Pose-38.png\n","Renamed: Copy of 46-0.png -> Cow Pose-39.png\n","Renamed: Copy of 48-0.png -> Cow Pose-40.png\n","Renamed: Copy of 49-0.png -> Cow Pose-41.png\n","Renamed: Copy of 5-0.png -> Cow Pose-42.png\n","Renamed: Copy of 50-0.png -> Cow Pose-43.png\n","Renamed: Copy of 51-0.png -> Cow Pose-44.png\n","Renamed: Copy of 52-0.png -> Cow Pose-45.png\n","Renamed: Copy of 53-0.png -> Cow Pose-46.png\n","Renamed: Copy of 54-0.png -> Cow Pose-47.png\n","Renamed: Copy of 55-0.png -> Cow Pose-48.png\n","Renamed: Copy of 55-1.png -> Cow Pose-49.png\n","Renamed: Copy of 58-0.png -> Cow Pose-50.png\n","Renamed: Copy of 58-1.png -> Cow Pose-51.png\n","Renamed: Copy of 59-0.png -> Cow Pose-52.png\n","Renamed: Copy of 6-0.png -> Cow Pose-53.png\n","Renamed: Copy of 60-0.png -> Cow Pose-54.png\n","Renamed: Copy of 60-1.png -> Cow Pose-55.png\n","Renamed: Copy of 61-0.png -> Cow Pose-56.png\n","Renamed: Copy of 62-0.png -> Cow Pose-57.png\n","Renamed: Copy of 63-0.png -> Cow Pose-58.png\n","Renamed: Copy of 63-1.png -> Cow Pose-59.png\n","Renamed: Copy of 65-0.png -> Cow Pose-60.png\n","Renamed: Copy of 66-0.png -> Cow Pose-61.png\n","Renamed: Copy of 67-0.png -> Cow Pose-62.png\n","Renamed: Copy of 68-0.png -> Cow Pose-63.png\n","Renamed: Copy of 69-0.png -> Cow Pose-64.png\n","Renamed: Copy of 69-1.png -> Cow Pose-65.png\n","Renamed: Copy of 7-0.png -> Cow Pose-66.png\n","Renamed: Copy of 70-0.png -> Cow Pose-67.png\n","Renamed: Copy of 71-0.png -> Cow Pose-68.png\n","Renamed: Copy of 71-1.png -> Cow Pose-69.png\n","Renamed: Copy of 72-0.png -> Cow Pose-70.png\n","Renamed: Copy of 74-0.png -> Cow Pose-71.png\n","Renamed: Copy of 77-0.png -> Cow Pose-72.png\n","Renamed: Copy of 78-0.png -> Cow Pose-73.png\n","Renamed: Copy of 8-0.png -> Cow Pose-74.png\n","Renamed: Copy of 83-0.png -> Cow Pose-75.png\n","Renamed: Copy of 84-0.png -> Cow Pose-76.png\n","Renamed: Copy of 84-1.png -> Cow Pose-77.png\n","Renamed: Copy of 86-0.png -> Cow Pose-78.png\n","Renamed: Copy of 88-1.png -> Cow Pose-79.png\n","Renamed: Copy of 89-0.png -> Cow Pose-80.png\n","Renamed: Copy of 92-0.png -> Cow Pose-81.png\n","Renamed: Copy of 93-0.png -> Cow Pose-82.png\n","Renamed: Copy of 93-1.png -> Cow Pose-83.png\n","Renamed: Copy of 94-0.png -> Cow Pose-84.png\n","Renamed: Copy of 94-1.png -> Cow Pose-85.png\n","Renamed: Copy of 95-0.png -> Cow Pose-86.png\n","Renamed: Copy of 96-0.png -> Cow Pose-87.png\n","Renamed: Copy of 0-0.png -> Crane Pose-01.png\n","Renamed: Copy of 10-0.png -> Crane Pose-02.png\n","Renamed: Copy of 11-0.png -> Crane Pose-03.png\n","Renamed: Copy of 13-0.png -> Crane Pose-04.png\n","Renamed: Copy of 14-0.png -> Crane Pose-05.png\n","Renamed: Copy of 15-0.png -> Crane Pose-06.png\n","Renamed: Copy of 16-0.png -> Crane Pose-07.png\n","Renamed: Copy of 17-0.png -> Crane Pose-08.png\n","Renamed: Copy of 18-0.png -> Crane Pose-09.png\n","Renamed: Copy of 19-0.png -> Crane Pose-10.png\n","Renamed: Copy of 2-0.png -> Crane Pose-11.png\n","Renamed: Copy of 20-0.png -> Crane Pose-12.png\n","Renamed: Copy of 20-1.png -> Crane Pose-13.png\n","Renamed: Copy of 21-0.png -> Crane Pose-14.png\n","Renamed: Copy of 22-0.png -> Crane Pose-15.png\n","Renamed: Copy of 24-0.png -> Crane Pose-16.png\n","Renamed: Copy of 25-0.png -> Crane Pose-17.png\n","Renamed: Copy of 27-0.png -> Crane Pose-18.png\n","Renamed: Copy of 3-0.png -> Crane Pose-19.png\n","Renamed: Copy of 30-0.png -> Crane Pose-20.png\n","Renamed: Copy of 31-0.png -> Crane Pose-21.png\n","Renamed: Copy of 31-1.png -> Crane Pose-22.png\n","Renamed: Copy of 31-2.png -> Crane Pose-23.png\n","Renamed: Copy of 34-0.png -> Crane Pose-24.png\n","Renamed: Copy of 35-0.png -> Crane Pose-25.png\n","Renamed: Copy of 36-0.png -> Crane Pose-26.png\n","Renamed: Copy of 38-0.png -> Crane Pose-27.png\n","Renamed: Copy of 39-0.png -> Crane Pose-28.png\n","Renamed: Copy of 4-0.png -> Crane Pose-29.png\n","Renamed: Copy of 42-0.png -> Crane Pose-30.png\n","Renamed: Copy of 44-0.png -> Crane Pose-31.png\n","Renamed: Copy of 45-0.png -> Crane Pose-32.png\n","Renamed: Copy of 46-0.png -> Crane Pose-33.png\n","Renamed: Copy of 46-1.png -> Crane Pose-34.png\n","Renamed: Copy of 48-0.png -> Crane Pose-35.png\n","Renamed: Copy of 49-0.png -> Crane Pose-36.png\n","Renamed: Copy of 50-0.png -> Crane Pose-37.png\n","Renamed: Copy of 52-0.png -> Crane Pose-38.png\n","Renamed: Copy of 54-0.png -> Crane Pose-39.png\n","Renamed: Copy of 55-0.png -> Crane Pose-40.png\n","Renamed: Copy of 56-0.png -> Crane Pose-41.png\n","Renamed: Copy of 59-0.png -> Crane Pose-42.png\n","Renamed: Copy of 6-0.png -> Crane Pose-43.png\n","Renamed: Copy of 60-0.png -> Crane Pose-44.png\n","Renamed: Copy of 61-0.png -> Crane Pose-45.png\n","Renamed: Copy of 62-0.png -> Crane Pose-46.png\n","Renamed: Copy of 63-0.png -> Crane Pose-47.png\n","Renamed: Copy of 64-0.png -> Crane Pose-48.png\n","Renamed: Copy of 64-2.png -> Crane Pose-49.png\n","Renamed: Copy of 65-0.png -> Crane Pose-50.png\n","Renamed: Copy of 67-0.png -> Crane Pose-51.png\n","Renamed: Copy of 67-1.png -> Crane Pose-52.png\n","Renamed: Copy of 68-0.png -> Crane Pose-53.png\n","Renamed: Copy of 7-0.png -> Crane Pose-54.png\n","Renamed: Copy of 70-0.png -> Crane Pose-55.png\n","Renamed: Copy of 70-1.png -> Crane Pose-56.png\n","Renamed: Copy of 70-2.png -> Crane Pose-57.png\n","Renamed: Copy of 71-0.png -> Crane Pose-58.png\n","Renamed: Copy of 72-0.png -> Crane Pose-59.png\n","Renamed: Copy of 78-0.png -> Crane Pose-60.png\n","Renamed: Copy of 79-0.png -> Crane Pose-61.png\n","Renamed: Copy of 8-0.png -> Crane Pose-62.png\n","Renamed: Copy of 80-0.png -> Crane Pose-63.png\n","Renamed: Copy of 80-2.png -> Crane Pose-64.png\n","Renamed: Copy of 82-0.png -> Crane Pose-65.png\n","Renamed: Copy of 87-2.png -> Crane Pose-66.png\n","Renamed: Copy of 88-0.png -> Crane Pose-67.png\n","Renamed: Copy of 89-0.png -> Crane Pose-68.png\n","Renamed: Copy of 9-0.png -> Crane Pose-69.png\n","Renamed: Copy of 90-0.png -> Crane Pose-70.png\n","Renamed: Copy of 91-0.png -> Crane Pose-71.png\n","Renamed: Copy of 92-0.png -> Crane Pose-72.png\n","Renamed: Copy of 93-0.png -> Crane Pose-73.png\n","Renamed: Copy of 94-0.png -> Crane Pose-74.png\n","Renamed: Copy of 95-0.png -> Crane Pose-75.png\n","Renamed: Copy of 97-0.png -> Crane Pose-76.png\n","Renamed: Copy of 98-0.png -> Crane Pose-77.png\n","Renamed: Copy of 0-0.png -> Wild Thing Pose-01.png\n","Renamed: Copy of 10-0.png -> Wild Thing Pose-02.png\n","Renamed: Copy of 11-0.png -> Wild Thing Pose-03.png\n","Renamed: Copy of 12-0.png -> Wild Thing Pose-04.png\n","Renamed: Copy of 15-0.png -> Wild Thing Pose-05.png\n","Renamed: Copy of 17-0.png -> Wild Thing Pose-06.png\n","Renamed: Copy of 18-0.png -> Wild Thing Pose-07.png\n","Renamed: Copy of 19-0.png -> Wild Thing Pose-08.png\n","Renamed: Copy of 2-0.png -> Wild Thing Pose-09.png\n","Renamed: Copy of 20-0.png -> Wild Thing Pose-10.png\n","Renamed: Copy of 22-0.png -> Wild Thing Pose-11.png\n","Renamed: Copy of 23-0.png -> Wild Thing Pose-12.png\n","Renamed: Copy of 24-0.png -> Wild Thing Pose-13.png\n","Renamed: Copy of 25-0.png -> Wild Thing Pose-14.png\n","Renamed: Copy of 26-0.png -> Wild Thing Pose-15.png\n","Renamed: Copy of 27-0.png -> Wild Thing Pose-16.png\n","Renamed: Copy of 28-0.png -> Wild Thing Pose-17.png\n","Renamed: Copy of 3-0.png -> Wild Thing Pose-18.png\n","Renamed: Copy of 30-0.png -> Wild Thing Pose-19.png\n","Renamed: Copy of 32-0.png -> Wild Thing Pose-20.png\n","Renamed: Copy of 33-0.png -> Wild Thing Pose-21.png\n","Renamed: Copy of 35-0.png -> Wild Thing Pose-22.png\n","Renamed: Copy of 36-0.png -> Wild Thing Pose-23.png\n","Renamed: Copy of 37-0.png -> Wild Thing Pose-24.png\n","Renamed: Copy of 38-0.png -> Wild Thing Pose-25.png\n","Renamed: Copy of 38-1.png -> Wild Thing Pose-26.png\n","Renamed: Copy of 4-0.png -> Wild Thing Pose-27.png\n","Renamed: Copy of 40-0.png -> Wild Thing Pose-28.png\n","Renamed: Copy of 41-0.png -> Wild Thing Pose-29.png\n","Renamed: Copy of 42-0.png -> Wild Thing Pose-30.png\n","Renamed: Copy of 43-0.png -> Wild Thing Pose-31.png\n","Renamed: Copy of 45-0.png -> Wild Thing Pose-32.png\n","Renamed: Copy of 46-0.png -> Wild Thing Pose-33.png\n","Renamed: Copy of 5-0.png -> Wild Thing Pose-34.png\n","Renamed: Copy of 50-0.png -> Wild Thing Pose-35.png\n","Renamed: Copy of 52-0.png -> Wild Thing Pose-36.png\n","Renamed: Copy of 53-0.png -> Wild Thing Pose-37.png\n","Renamed: Copy of 54-0.png -> Wild Thing Pose-38.png\n","Renamed: Copy of 58-0.png -> Wild Thing Pose-39.png\n","Renamed: Copy of 6-0.png -> Wild Thing Pose-40.png\n","Renamed: Copy of 60-0.png -> Wild Thing Pose-41.png\n","Renamed: Copy of 61-0.png -> Wild Thing Pose-42.png\n","Renamed: Copy of 63-0.png -> Wild Thing Pose-43.png\n","Renamed: Copy of 68-0.png -> Wild Thing Pose-44.png\n","Renamed: Copy of 70-0.png -> Wild Thing Pose-45.png\n","Renamed: Copy of 70-1.png -> Wild Thing Pose-46.png\n","Renamed: Copy of 73-0.png -> Wild Thing Pose-47.png\n","Renamed: Copy of 76-0.png -> Wild Thing Pose-48.png\n","Renamed: Copy of 77-0.png -> Wild Thing Pose-49.png\n","Renamed: Copy of 79-0.png -> Wild Thing Pose-50.png\n","Renamed: Copy of 8-0.png -> Wild Thing Pose-51.png\n","Renamed: Copy of 81-0.png -> Wild Thing Pose-52.png\n","Renamed: Copy of 84-0.png -> Wild Thing Pose-53.png\n","Renamed: Copy of 9-0.png -> Wild Thing Pose-54.png\n","Renamed: Copy of 1-0.png -> Happy Baby Pose-01.png\n","Renamed: Copy of 10-0.png -> Happy Baby Pose-02.png\n","Renamed: Copy of 11-0.png -> Happy Baby Pose-03.png\n","Renamed: Copy of 12-0.png -> Happy Baby Pose-04.png\n","Renamed: Copy of 13-0.png -> Happy Baby Pose-05.png\n","Renamed: Copy of 14-0.png -> Happy Baby Pose-06.png\n","Renamed: Copy of 15-0.png -> Happy Baby Pose-07.png\n","Renamed: Copy of 16-0.png -> Happy Baby Pose-08.png\n","Renamed: Copy of 17-1.png -> Happy Baby Pose-09.png\n","Renamed: Copy of 18-0.png -> Happy Baby Pose-10.png\n","Renamed: Copy of 19-0.png -> Happy Baby Pose-11.png\n","Renamed: Copy of 2-0.png -> Happy Baby Pose-12.png\n","Renamed: Copy of 20-0.png -> Happy Baby Pose-13.png\n","Renamed: Copy of 21-0.png -> Happy Baby Pose-14.png\n","Renamed: Copy of 23-0.png -> Happy Baby Pose-15.png\n","Renamed: Copy of 24-0.png -> Happy Baby Pose-16.png\n","Renamed: Copy of 25-0.png -> Happy Baby Pose-17.png\n","Renamed: Copy of 28-0.png -> Happy Baby Pose-18.png\n","Renamed: Copy of 29-0.png -> Happy Baby Pose-19.png\n","Renamed: Copy of 3-0.png -> Happy Baby Pose-20.png\n","Renamed: Copy of 31-1.png -> Happy Baby Pose-21.png\n","Renamed: Copy of 32-0.png -> Happy Baby Pose-22.png\n","Renamed: Copy of 35-0.png -> Happy Baby Pose-23.png\n","Renamed: Copy of 36-0.png -> Happy Baby Pose-24.png\n","Renamed: Copy of 37-0.png -> Happy Baby Pose-25.png\n","Renamed: Copy of 4-0.png -> Happy Baby Pose-26.png\n","Renamed: Copy of 40-0.png -> Happy Baby Pose-27.png\n","Renamed: Copy of 41-0.png -> Happy Baby Pose-28.png\n","Renamed: Copy of 42-0.png -> Happy Baby Pose-29.png\n","Renamed: Copy of 43-0.png -> Happy Baby Pose-30.png\n","Renamed: Copy of 44-0.png -> Happy Baby Pose-31.png\n","Renamed: Copy of 45-0.png -> Happy Baby Pose-32.png\n","Renamed: Copy of 46-0.png -> Happy Baby Pose-33.png\n","Renamed: Copy of 47-0.png -> Happy Baby Pose-34.png\n","Renamed: Copy of 5-0.png -> Happy Baby Pose-35.png\n","Renamed: Copy of 50-0.png -> Happy Baby Pose-36.png\n","Renamed: Copy of 52-0.png -> Happy Baby Pose-37.png\n","Renamed: Copy of 58-0.png -> Happy Baby Pose-38.png\n","Renamed: Copy of 59-0.png -> Happy Baby Pose-39.png\n","Renamed: Copy of 67-0.png -> Happy Baby Pose-40.png\n","Renamed: Copy of 69-0.png -> Happy Baby Pose-41.png\n","Renamed: Copy of 74-0.png -> Happy Baby Pose-42.png\n","Renamed: Copy of 78-0.png -> Happy Baby Pose-43.png\n","Renamed: Copy of 8-0.png -> Happy Baby Pose-44.png\n","Renamed: Copy of 80-0.png -> Happy Baby Pose-45.png\n","Renamed: Copy of 80-3.png -> Happy Baby Pose-46.png\n","Renamed: Copy of 81-0.png -> Happy Baby Pose-47.png\n","Renamed: Copy of 84-0.png -> Happy Baby Pose-48.png\n","Renamed: Copy of 85-0.png -> Happy Baby Pose-49.png\n","Renamed: Copy of 86-0.png -> Happy Baby Pose-50.png\n","Renamed: Copy of 87-0.png -> Happy Baby Pose-51.png\n","Renamed: Copy of 88-0.png -> Happy Baby Pose-52.png\n","Renamed: Copy of 9-0.png -> Happy Baby Pose-53.png\n","Renamed: Copy of 90-0.png -> Happy Baby Pose-54.png\n","Renamed: Copy of 91-0.png -> Happy Baby Pose-55.png\n","Renamed: Copy of 92-0.png -> Happy Baby Pose-56.png\n","Renamed: Copy of 93-0.png -> Happy Baby Pose-57.png\n","Renamed: Copy of 95-0.png -> Happy Baby Pose-58.png\n","Renamed: Copy of 98-0.png -> Happy Baby Pose-59.png\n","Renamed: Copy of 0-0.png -> Low Lunge Pose-01.png\n","Renamed: Copy of 13-0.png -> Low Lunge Pose-02.png\n","Renamed: Copy of 14-0.png -> Low Lunge Pose-03.png\n","Renamed: Copy of 15-0.png -> Low Lunge Pose-04.png\n","Renamed: Copy of 16-0.png -> Low Lunge Pose-05.png\n","Renamed: Copy of 18-0.png -> Low Lunge Pose-06.png\n","Renamed: Copy of 19-0.png -> Low Lunge Pose-07.png\n","Renamed: Copy of 20-0.png -> Low Lunge Pose-08.png\n","Renamed: Copy of 21-0.png -> Low Lunge Pose-09.png\n","Renamed: Copy of 22-0.png -> Low Lunge Pose-10.png\n","Renamed: Copy of 23-0.png -> Low Lunge Pose-11.png\n","Renamed: Copy of 24. low-lunge.jpeg -> Low Lunge Pose-12.jpeg\n","Renamed: Copy of 25-0.png -> Low Lunge Pose-13.png\n","Renamed: Copy of 26-0.png -> Low Lunge Pose-14.png\n","Renamed: Copy of 27-0.png -> Low Lunge Pose-15.png\n","Renamed: Copy of 28-0.png -> Low Lunge Pose-16.png\n","Renamed: Copy of 3-0.png -> Low Lunge Pose-17.png\n","Renamed: Copy of 33-0.png -> Low Lunge Pose-18.png\n","Renamed: Copy of 35-0.png -> Low Lunge Pose-19.png\n","Renamed: Copy of 35-1.png -> Low Lunge Pose-20.png\n","Renamed: Copy of 38-0.png -> Low Lunge Pose-21.png\n","Renamed: Copy of 39-0.png -> Low Lunge Pose-22.png\n","Renamed: Copy of 4-0.png -> Low Lunge Pose-23.png\n","Renamed: Copy of 40-0.png -> Low Lunge Pose-24.png\n","Renamed: Copy of 43-0.png -> Low Lunge Pose-25.png\n","Renamed: Copy of 44-0.png -> Low Lunge Pose-26.png\n","Renamed: Copy of 45-0.png -> Low Lunge Pose-27.png\n","Renamed: Copy of 47-0.png -> Low Lunge Pose-28.png\n","Renamed: Copy of 49-0.png -> Low Lunge Pose-29.png\n","Renamed: Copy of 5-0.png -> Low Lunge Pose-30.png\n","Renamed: Copy of 52-0.png -> Low Lunge Pose-31.png\n","Renamed: Copy of 53-0.png -> Low Lunge Pose-32.png\n","Renamed: Copy of 55-0.png -> Low Lunge Pose-33.png\n","Renamed: Copy of 57-0.png -> Low Lunge Pose-34.png\n","Renamed: Copy of 58-0.png -> Low Lunge Pose-35.png\n","Renamed: Copy of 59-0.png -> Low Lunge Pose-36.png\n","Renamed: Copy of 6-0.png -> Low Lunge Pose-37.png\n","Renamed: Copy of 64-0.png -> Low Lunge Pose-38.png\n","Renamed: Copy of 66-0.png -> Low Lunge Pose-39.png\n","Renamed: Copy of 67-0.png -> Low Lunge Pose-40.png\n","Renamed: Copy of 7-0.png -> Low Lunge Pose-41.png\n","Renamed: Copy of 71-0.png -> Low Lunge Pose-42.png\n","Renamed: Copy of 73-0.png -> Low Lunge Pose-43.png\n","Renamed: Copy of 75-0.png -> Low Lunge Pose-44.png\n","Renamed: Copy of 77-0.png -> Low Lunge Pose-45.png\n","Renamed: Copy of 78-0.png -> Low Lunge Pose-46.png\n","Renamed: Copy of 79-0.png -> Low Lunge Pose-47.png\n","Renamed: Copy of 80-0.png -> Low Lunge Pose-48.png\n","Renamed: Copy of 81-0.png -> Low Lunge Pose-49.png\n","Renamed: Copy of 83-0.png -> Low Lunge Pose-50.png\n","Renamed: Copy of 84-0.png -> Low Lunge Pose-51.png\n","Renamed: Copy of 85-0.png -> Low Lunge Pose-52.png\n","Renamed: Copy of 86-0.png -> Low Lunge Pose-53.png\n","Renamed: Copy of 87-0.png -> Low Lunge Pose-54.png\n","Renamed: Copy of 88-0.png -> Low Lunge Pose-55.png\n","Renamed: Copy of 89-0.png -> Low Lunge Pose-56.png\n","Renamed: Copy of 9-0.png -> Low Lunge Pose-57.png\n","Renamed: Copy of 91-0.png -> Low Lunge Pose-58.png\n","Renamed: Copy of 92-0.png -> Low Lunge Pose-59.png\n","Renamed: Copy of 93-0.png -> Low Lunge Pose-60.png\n","Renamed: Copy of 94-0.png -> Low Lunge Pose-61.png\n","Renamed: Copy of 95-0.png -> Low Lunge Pose-62.png\n","Renamed: Copy of 96-0.png -> Low Lunge Pose-63.png\n","Renamed: Copy of 98-0.png -> Low Lunge Pose-64.png\n","Renamed: Copy of 10. ashtanga-namaskara.jpe -> Eight Limbed Pose-01.jpe\n","Renamed: Copy of 11-0.png -> Eight Limbed Pose-02.png\n","Renamed: Copy of 17-0.png -> Eight Limbed Pose-03.png\n","Renamed: Copy of 19-0.png -> Eight Limbed Pose-04.png\n","Renamed: Copy of 20-0.png -> Eight Limbed Pose-05.png\n","Renamed: Copy of 21-0.png -> Eight Limbed Pose-06.png\n","Renamed: Copy of 23-0.png -> Eight Limbed Pose-07.png\n","Renamed: Copy of 24-0.png -> Eight Limbed Pose-08.png\n","Renamed: Copy of 26-0.png -> Eight Limbed Pose-09.png\n","Renamed: Copy of 28-0.png -> Eight Limbed Pose-10.png\n","Renamed: Copy of 30-0.png -> Eight Limbed Pose-11.png\n","Renamed: Copy of 35-0.png -> Eight Limbed Pose-12.png\n","Renamed: Copy of 36-0.png -> Eight Limbed Pose-13.png\n","Renamed: Copy of 37-0.png -> Eight Limbed Pose-14.png\n","Renamed: Copy of 38-0.png -> Eight Limbed Pose-15.png\n","Renamed: Copy of 40-0.png -> Eight Limbed Pose-16.png\n","Renamed: Copy of 44-0.png -> Eight Limbed Pose-17.png\n","Renamed: Copy of 45-0.png -> Eight Limbed Pose-18.png\n","Renamed: Copy of 46-0.png -> Eight Limbed Pose-19.png\n","Renamed: Copy of 48-0.png -> Eight Limbed Pose-20.png\n","Renamed: Copy of 49-0.png -> Eight Limbed Pose-21.png\n","Renamed: Copy of 5-0.png -> Eight Limbed Pose-22.png\n","Renamed: Copy of 54-0.png -> Eight Limbed Pose-23.png\n","Renamed: Copy of 55-0.png -> Eight Limbed Pose-24.png\n","Renamed: Copy of 55-2.png -> Eight Limbed Pose-25.png\n","Renamed: Copy of 56-0.png -> Eight Limbed Pose-26.png\n","Renamed: Copy of 58-0.png -> Eight Limbed Pose-27.png\n","Renamed: Copy of 6-0.png -> Eight Limbed Pose-28.png\n","Renamed: Copy of 6-1.png -> Eight Limbed Pose-29.png\n","Renamed: Copy of 61-0.png -> Eight Limbed Pose-30.png\n","Renamed: Copy of 7-0.png -> Eight Limbed Pose-31.png\n","Renamed: Copy of 70-0.png -> Eight Limbed Pose-32.png\n","Renamed: Copy of 79-4.png -> Eight Limbed Pose-33.png\n","Renamed: Copy of 9-0.png -> Eight Limbed Pose-34.png\n","Renamed: Copy of 0-0.png -> Handstand Pose-01.png\n","Renamed: Copy of 1-0.png -> Handstand Pose-02.png\n","Renamed: Copy of 16-0.png -> Handstand Pose-03.png\n","Renamed: Copy of 17-0.png -> Handstand Pose-04.png\n","Renamed: Copy of 19-0.png -> Handstand Pose-05.png\n","Renamed: Copy of 20-0.png -> Handstand Pose-06.png\n","Renamed: Copy of 25-0.png -> Handstand Pose-07.png\n","Renamed: Copy of 26-0.png -> Handstand Pose-08.png\n","Renamed: Copy of 29-0.png -> Handstand Pose-09.png\n","Renamed: Copy of 3-0.png -> Handstand Pose-10.png\n","Renamed: Copy of 30-0.png -> Handstand Pose-11.png\n","Renamed: Copy of 31-0.png -> Handstand Pose-12.png\n","Renamed: Copy of 32-0.png -> Handstand Pose-13.png\n","Renamed: Copy of 33-0.png -> Handstand Pose-14.png\n","Renamed: Copy of 35-2.png -> Handstand Pose-15.png\n","Renamed: Copy of 36-0.png -> Handstand Pose-16.png\n","Renamed: Copy of 37-0.png -> Handstand Pose-17.png\n","Renamed: Copy of 38-0.png -> Handstand Pose-18.png\n","Renamed: Copy of 39-0.png -> Handstand Pose-19.png\n","Renamed: Copy of 4-0.png -> Handstand Pose-20.png\n","Renamed: Copy of 40-0.png -> Handstand Pose-21.png\n","Renamed: Copy of 43-0.png -> Handstand Pose-22.png\n","Renamed: Copy of 44-0.png -> Handstand Pose-23.png\n","Renamed: Copy of 46-0.png -> Handstand Pose-24.png\n","Renamed: Copy of 46-1.png -> Handstand Pose-25.png\n","Renamed: Copy of 47-0.png -> Handstand Pose-26.png\n","Renamed: Copy of 48-0.png -> Handstand Pose-27.png\n","Renamed: Copy of 49-0.png -> Handstand Pose-28.png\n","Renamed: Copy of 50-0.png -> Handstand Pose-29.png\n","Renamed: Copy of 51-0.png -> Handstand Pose-30.png\n","Renamed: Copy of 52-0.png -> Handstand Pose-31.png\n","Renamed: Copy of 57-0.png -> Handstand Pose-32.png\n","Renamed: Copy of 58-0.png -> Handstand Pose-33.png\n","Renamed: Copy of 59-0.png -> Handstand Pose-34.png\n","Renamed: Copy of 61-0.png -> Handstand Pose-35.png\n","Renamed: Copy of 62-0.png -> Handstand Pose-36.png\n","Renamed: Copy of 63-0.png -> Handstand Pose-37.png\n","Renamed: Copy of 63-2.png -> Handstand Pose-38.png\n","Renamed: Copy of 64-0.png -> Handstand Pose-39.png\n","Renamed: Copy of 65-0.png -> Handstand Pose-40.png\n","Renamed: Copy of 67-0.png -> Handstand Pose-41.png\n","Renamed: Copy of 68-0.png -> Handstand Pose-42.png\n","Renamed: Copy of 69-0.png -> Handstand Pose-43.png\n","Renamed: Copy of 70-0.png -> Handstand Pose-44.png\n","Renamed: Copy of 72-1.png -> Handstand Pose-45.png\n","Renamed: Copy of 74-0.png -> Handstand Pose-46.png\n","Renamed: Copy of 77-0.png -> Handstand Pose-47.png\n","Renamed: Copy of 8-0.png -> Handstand Pose-48.png\n","Renamed: Copy of 81-0.png -> Handstand Pose-49.png\n","Renamed: Copy of 82-0.png -> Handstand Pose-50.png\n","Renamed: Copy of 83-0.png -> Handstand Pose-51.png\n","Renamed: Copy of 85-0.png -> Handstand Pose-52.png\n","Renamed: Copy of 86-0.png -> Handstand Pose-53.png\n","Renamed: Copy of 87-0.png -> Handstand Pose-54.png\n","Renamed: Copy of 89-0.png -> Handstand Pose-55.png\n","Renamed: Copy of 90-0.png -> Handstand Pose-56.png\n","Renamed: Copy of 92-0.png -> Handstand Pose-57.png\n","Renamed: Copy of 95-0.png -> Handstand Pose-58.png\n","Renamed: Copy of 97-0.png -> Handstand Pose-59.png\n","Renamed: Copy of 0-0.png -> Half Frog Pose-01.png\n","Renamed: Copy of 12-0.png -> Half Frog Pose-02.png\n","Renamed: Copy of 13-0.png -> Half Frog Pose-03.png\n","Renamed: Copy of 14-0.png -> Half Frog Pose-04.png\n","Renamed: Copy of 16-0.png -> Half Frog Pose-05.png\n","Renamed: Copy of 17-0.png -> Half Frog Pose-06.png\n","Renamed: Copy of 2-0.png -> Half Frog Pose-07.png\n","Renamed: Copy of 20-0.png -> Half Frog Pose-08.png\n","Renamed: Copy of 21-0.png -> Half Frog Pose-09.png\n","Renamed: Copy of 22-0.png -> Half Frog Pose-10.png\n","Renamed: Copy of 25-0.png -> Half Frog Pose-11.png\n","Renamed: Copy of 26-0.png -> Half Frog Pose-12.png\n","Renamed: Copy of 27-0.png -> Half Frog Pose-13.png\n","Renamed: Copy of 28-0.png -> Half Frog Pose-14.png\n","Renamed: Copy of 29-0.png -> Half Frog Pose-15.png\n","Renamed: Copy of 3-0.png -> Half Frog Pose-16.png\n","Renamed: Copy of 30-0.png -> Half Frog Pose-17.png\n","Renamed: Copy of 31-0.png -> Half Frog Pose-18.png\n","Renamed: Copy of 33-0.png -> Half Frog Pose-19.png\n","Renamed: Copy of 35-0.png -> Half Frog Pose-20.png\n","Renamed: Copy of 35-5.png -> Half Frog Pose-21.png\n","Renamed: Copy of 36-0.png -> Half Frog Pose-22.png\n","Renamed: Copy of 38-0.png -> Half Frog Pose-23.png\n","Renamed: Copy of 4-0.png -> Half Frog Pose-24.png\n","Renamed: Copy of 41-0.png -> Half Frog Pose-25.png\n","Renamed: Copy of 45-0.png -> Half Frog Pose-26.png\n","Renamed: Copy of 46-0.png -> Half Frog Pose-27.png\n","Renamed: Copy of 47-0.png -> Half Frog Pose-28.png\n","Renamed: Copy of 5-0.png -> Half Frog Pose-29.png\n","Renamed: Copy of 50-0.png -> Half Frog Pose-30.png\n","Renamed: Copy of 51-0.png -> Half Frog Pose-31.png\n","Renamed: Copy of 52-0.png -> Half Frog Pose-32.png\n","Renamed: Copy of 66-0.png -> Half Frog Pose-33.png\n","Renamed: Copy of 68-0.png -> Half Frog Pose-34.png\n","Renamed: Copy of 7-0.png -> Half Frog Pose-35.png\n","Renamed: Copy of 71-0.png -> Half Frog Pose-36.png\n","Renamed: Copy of 8-0.png -> Half Frog Pose-37.png\n","Renamed: Copy of 9-0.png -> Half Frog Pose-38.png\n","Renamed: Copy of 96-0.png -> Half Frog Pose-39.png\n","Renamed: Copy of 97-0.png -> Half Frog Pose-40.png\n","Renamed: Copy of 0-0.png -> Half Lord of the Fishes Pose-01.png\n","Renamed: Copy of 1-0.png -> Half Lord of the Fishes Pose-02.png\n","Renamed: Copy of 10-0.png -> Half Lord of the Fishes Pose-03.png\n","Renamed: Copy of 12-0.png -> Half Lord of the Fishes Pose-04.png\n","Renamed: Copy of 14-0.png -> Half Lord of the Fishes Pose-05.png\n","Renamed: Copy of 15-5.png -> Half Lord of the Fishes Pose-06.png\n","Renamed: Copy of 16-0.png -> Half Lord of the Fishes Pose-07.png\n","Renamed: Copy of 17-0.png -> Half Lord of the Fishes Pose-08.png\n","Renamed: Copy of 18-0.png -> Half Lord of the Fishes Pose-09.png\n","Renamed: Copy of 18-1.png -> Half Lord of the Fishes Pose-10.png\n","Renamed: Copy of 18-2.png -> Half Lord of the Fishes Pose-11.png\n","Renamed: Copy of 19-0.png -> Half Lord of the Fishes Pose-12.png\n","Renamed: Copy of 2-0.png -> Half Lord of the Fishes Pose-13.png\n","Renamed: Copy of 20-0.png -> Half Lord of the Fishes Pose-14.png\n","Renamed: Copy of 22-0.png -> Half Lord of the Fishes Pose-15.png\n","Renamed: Copy of 23-0.png -> Half Lord of the Fishes Pose-16.png\n","Renamed: Copy of 24-0.png -> Half Lord of the Fishes Pose-17.png\n","Renamed: Copy of 25-0.png -> Half Lord of the Fishes Pose-18.png\n","Renamed: Copy of 26-0.png -> Half Lord of the Fishes Pose-19.png\n","Renamed: Copy of 28-0.png -> Half Lord of the Fishes Pose-20.png\n","Renamed: Copy of 31-0.png -> Half Lord of the Fishes Pose-21.png\n","Renamed: Copy of 34-0.png -> Half Lord of the Fishes Pose-22.png\n","Renamed: Copy of 36-0.png -> Half Lord of the Fishes Pose-23.png\n","Renamed: Copy of 37-0.png -> Half Lord of the Fishes Pose-24.png\n","Renamed: Copy of 39-0.png -> Half Lord of the Fishes Pose-25.png\n","Renamed: Copy of 4-0.png -> Half Lord of the Fishes Pose-26.png\n","Renamed: Copy of 40-0.png -> Half Lord of the Fishes Pose-27.png\n","Renamed: Copy of 41-0.png -> Half Lord of the Fishes Pose-28.png\n","Renamed: Copy of 42-0.png -> Half Lord of the Fishes Pose-29.png\n","Renamed: Copy of 43-0.png -> Half Lord of the Fishes Pose-30.png\n","Renamed: Copy of 44-0.png -> Half Lord of the Fishes Pose-31.png\n","Renamed: Copy of 45-0.png -> Half Lord of the Fishes Pose-32.png\n","Renamed: Copy of 46-0.png -> Half Lord of the Fishes Pose-33.png\n","Renamed: Copy of 46-1.png -> Half Lord of the Fishes Pose-34.png\n","Renamed: Copy of 47-0.png -> Half Lord of the Fishes Pose-35.png\n","Renamed: Copy of 48-0.png -> Half Lord of the Fishes Pose-36.png\n","Renamed: Copy of 49-0.png -> Half Lord of the Fishes Pose-37.png\n","Renamed: Copy of 50-0.png -> Half Lord of the Fishes Pose-38.png\n","Renamed: Copy of 51-0.png -> Half Lord of the Fishes Pose-39.png\n","Renamed: Copy of 52-0.png -> Half Lord of the Fishes Pose-40.png\n","Renamed: Copy of 53-0.png -> Half Lord of the Fishes Pose-41.png\n","Renamed: Copy of 53-1.png -> Half Lord of the Fishes Pose-42.png\n","Renamed: Copy of 53-2.png -> Half Lord of the Fishes Pose-43.png\n","Renamed: Copy of 54-0.png -> Half Lord of the Fishes Pose-44.png\n","Renamed: Copy of 55-0.png -> Half Lord of the Fishes Pose-45.png\n","Renamed: Copy of 56-0.png -> Half Lord of the Fishes Pose-46.png\n","Renamed: Copy of 57-0.png -> Half Lord of the Fishes Pose-47.png\n","Renamed: Copy of 57-1.png -> Half Lord of the Fishes Pose-48.png\n","Renamed: Copy of 58-0.png -> Half Lord of the Fishes Pose-49.png\n","Renamed: Copy of 59-0.png -> Half Lord of the Fishes Pose-50.png\n","Renamed: Copy of 6-0.png -> Half Lord of the Fishes Pose-51.png\n","Renamed: Copy of 60-0.png -> Half Lord of the Fishes Pose-52.png\n","Renamed: Copy of 61-0.png -> Half Lord of the Fishes Pose-53.png\n","Renamed: Copy of 62-0.png -> Half Lord of the Fishes Pose-54.png\n","Renamed: Copy of 62-2.png -> Half Lord of the Fishes Pose-55.png\n","Renamed: Copy of 63-0.png -> Half Lord of the Fishes Pose-56.png\n","Renamed: Copy of 63-1.png -> Half Lord of the Fishes Pose-57.png\n","Renamed: Copy of 63-2.png -> Half Lord of the Fishes Pose-58.png\n","Renamed: Copy of 8-0.png -> Half Lord of the Fishes Pose-59.png\n","Renamed: Copy of 9-0.png -> Half Lord of the Fishes Pose-60.png\n","Renamed: Copy of 101-0.png -> Shoulder Pressing Pose-01.png\n","Renamed: Copy of 103-0.png -> Shoulder Pressing Pose-02.png\n","Renamed: Copy of 104-0.png -> Shoulder Pressing Pose-03.png\n","Renamed: Copy of 105-0.png -> Shoulder Pressing Pose-04.png\n","Renamed: Copy of 106-0.png -> Shoulder Pressing Pose-05.png\n","Renamed: Copy of 107-0.png -> Shoulder Pressing Pose-06.png\n","Renamed: Copy of 108-0.png -> Shoulder Pressing Pose-07.png\n","Renamed: Copy of 110-0.png -> Shoulder Pressing Pose-08.png\n","Renamed: Copy of 113-0.png -> Shoulder Pressing Pose-09.png\n","Renamed: Copy of 115-0.png -> Shoulder Pressing Pose-10.png\n","Renamed: Copy of 119-0.png -> Shoulder Pressing Pose-11.png\n","Renamed: Copy of 122-0.png -> Shoulder Pressing Pose-12.png\n","Renamed: Copy of 124-0.png -> Shoulder Pressing Pose-13.png\n","Renamed: Copy of 125-0.png -> Shoulder Pressing Pose-14.png\n","Renamed: Copy of 126-0.png -> Shoulder Pressing Pose-15.png\n","Renamed: Copy of 128-0.png -> Shoulder Pressing Pose-16.png\n","Renamed: Copy of 130-0.png -> Shoulder Pressing Pose-17.png\n","Renamed: Copy of 135-0.png -> Shoulder Pressing Pose-18.png\n","Renamed: Copy of 139-0.png -> Shoulder Pressing Pose-19.png\n","Renamed: Copy of 141-0.png -> Shoulder Pressing Pose-20.png\n","Renamed: Copy of 142-0.png -> Shoulder Pressing Pose-21.png\n","Renamed: Copy of 144-0.png -> Shoulder Pressing Pose-22.png\n","Renamed: Copy of 147-0.png -> Shoulder Pressing Pose-23.png\n","Renamed: Copy of 154-0.png -> Shoulder Pressing Pose-24.png\n","Renamed: Copy of 155-0.png -> Shoulder Pressing Pose-25.png\n","Renamed: Copy of 157-0.png -> Shoulder Pressing Pose-26.png\n","Renamed: Copy of 165-0.png -> Shoulder Pressing Pose-27.png\n","Renamed: Copy of 166-0.png -> Shoulder Pressing Pose-28.png\n","Renamed: Copy of 167-0.png -> Shoulder Pressing Pose-29.png\n","Renamed: Copy of 170-0.png -> Shoulder Pressing Pose-30.png\n","Renamed: Copy of 171-0.png -> Shoulder Pressing Pose-31.png\n","Renamed: Copy of 172-0.png -> Shoulder Pressing Pose-32.png\n","Renamed: Copy of 173-0.png -> Shoulder Pressing Pose-33.png\n","Renamed: Copy of 175-0.png -> Shoulder Pressing Pose-34.png\n","Renamed: Copy of 176-0.png -> Shoulder Pressing Pose-35.png\n","Renamed: Copy of 179-0.png -> Shoulder Pressing Pose-36.png\n","Renamed: Copy of 183-0.png -> Shoulder Pressing Pose-37.png\n","Renamed: Copy of 184-0.png -> Shoulder Pressing Pose-38.png\n","Renamed: Copy of 185-0.png -> Shoulder Pressing Pose-39.png\n","Renamed: Copy of 186-0.png -> Shoulder Pressing Pose-40.png\n","Renamed: Copy of 187-0.png -> Shoulder Pressing Pose-41.png\n","Renamed: Copy of 188-0.png -> Shoulder Pressing Pose-42.png\n","Renamed: Copy of 192-0.png -> Shoulder Pressing Pose-43.png\n","Renamed: Copy of 193-0.png -> Shoulder Pressing Pose-44.png\n","Renamed: Copy of 194-0.png -> Shoulder Pressing Pose-45.png\n","Renamed: Copy of 197-0.png -> Shoulder Pressing Pose-46.png\n","Renamed: Copy of 198-0.png -> Shoulder Pressing Pose-47.png\n","Renamed: Copy of 200-0.png -> Shoulder Pressing Pose-48.png\n","Renamed: Copy of 201-0.png -> Shoulder Pressing Pose-49.png\n","Renamed: Copy of 202-0.png -> Shoulder Pressing Pose-50.png\n","Renamed: Copy of 209-0.png -> Shoulder Pressing Pose-51.png\n","Renamed: Copy of 28. bhujapidasana-3c5555a1-d202-47c2-9551-a6631455ed3-resize-750.jpeg -> Shoulder Pressing Pose-52.jpeg\n","Renamed: Copy of 65-0.png -> Shoulder Pressing Pose-53.png\n","Renamed: Copy of 68-2.png -> Shoulder Pressing Pose-54.png\n","Renamed: Copy of 79-1.png -> Shoulder Pressing Pose-55.png\n","Renamed: Copy of 79-2.png -> Shoulder Pressing Pose-56.png\n","Renamed: Copy of 79-3.png -> Shoulder Pressing Pose-57.png\n","Renamed: Copy of 79-6.png -> Shoulder Pressing Pose-58.png\n","Renamed: Copy of 79-7.png -> Shoulder Pressing Pose-59.png\n","Renamed: Copy of 85-1.png -> Shoulder Pressing Pose-60.png\n","Renamed: Copy of 97-0.png -> Shoulder Pressing Pose-61.png\n","Renamed: Copy of 11-0.png -> Frog Pose-01.png\n","Renamed: Copy of 13-0.png -> Frog Pose-02.png\n","Renamed: Copy of 16-0.png -> Frog Pose-03.png\n","Renamed: Copy of 18-0.png -> Frog Pose-04.png\n","Renamed: Copy of 2-0.png -> Frog Pose-05.png\n","Renamed: Copy of 21-0.png -> Frog Pose-06.png\n","Renamed: Copy of 22-0.png -> Frog Pose-07.png\n","Renamed: Copy of 23-0.png -> Frog Pose-08.png\n","Renamed: Copy of 24-0.png -> Frog Pose-09.png\n","Renamed: Copy of 25-0.png -> Frog Pose-10.png\n","Renamed: Copy of 26-0.png -> Frog Pose-11.png\n","Renamed: Copy of 33-0.png -> Frog Pose-12.png\n","Renamed: Copy of 33-1.png -> Frog Pose-13.png\n","Renamed: Copy of 34-0.png -> Frog Pose-14.png\n","Renamed: Copy of 35. 4ab39a67-f27b-4f6a-8cae-db2ff6dcf859.jpeg -> Frog Pose-15.jpeg\n","Renamed: Copy of 36-0.png -> Frog Pose-16.png\n","Renamed: Copy of 4-0.png -> Frog Pose-17.png\n","Renamed: Copy of 40-0.png -> Frog Pose-18.png\n","Renamed: Copy of 42-0.png -> Frog Pose-19.png\n","Renamed: Copy of 44-0.png -> Frog Pose-20.png\n","Renamed: Copy of 47-0.png -> Frog Pose-21.png\n","Renamed: Copy of 51-0.png -> Frog Pose-22.png\n","Renamed: Copy of 53-0.png -> Frog Pose-23.png\n","Renamed: Copy of 55-0.png -> Frog Pose-24.png\n","Renamed: Copy of 6-0.png -> Frog Pose-25.png\n","Renamed: Copy of 61-0.png -> Frog Pose-26.png\n","Renamed: Copy of 67-0.png -> Frog Pose-27.png\n","Renamed: Copy of 68-0.png -> Frog Pose-28.png\n","Renamed: Copy of 69-0.png -> Frog Pose-29.png\n","Renamed: Copy of 7-0.png -> Frog Pose-30.png\n","Renamed: Copy of 70-0.png -> Frog Pose-31.png\n","Renamed: Copy of 8-0.png -> Frog Pose-32.png\n","Renamed: Copy of 84-0.png -> Frog Pose-33.png\n","Renamed: Copy of 85-0.png -> Frog Pose-34.png\n","Renamed: Copy of 88-0.png -> Frog Pose-35.png\n","Renamed: Copy of 88-2.png -> Frog Pose-36.png\n","Renamed: Copy of 9-0.png -> Frog Pose-37.png\n","Renamed: Copy of 92-0.png -> Frog Pose-38.png\n","Renamed: Copy of 96-0.png -> Frog Pose-39.png\n","Renamed: Copy of 0-0.png -> Cat-Cow Stretch Pose-01.png\n","Renamed: Copy of 0-1.png -> Cat-Cow Stretch Pose-02.png\n","Renamed: Copy of 1-0.png -> Cat-Cow Stretch Pose-03.png\n","Renamed: Copy of 13-0.png -> Cat-Cow Stretch Pose-04.png\n","Renamed: Copy of 14-0.png -> Cat-Cow Stretch Pose-05.png\n","Renamed: Copy of 15-0.png -> Cat-Cow Stretch Pose-06.png\n","Renamed: Copy of 16-0.png -> Cat-Cow Stretch Pose-07.png\n","Renamed: Copy of 16-1.png -> Cat-Cow Stretch Pose-08.png\n","Renamed: Copy of 17-0.png -> Cat-Cow Stretch Pose-09.png\n","Renamed: Copy of 17-1.png -> Cat-Cow Stretch Pose-10.png\n","Renamed: Copy of 19-0.png -> Cat-Cow Stretch Pose-11.png\n","Renamed: Copy of 19-1.png -> Cat-Cow Stretch Pose-12.png\n","Renamed: Copy of 2-0.png -> Cat-Cow Stretch Pose-13.png\n","Renamed: Copy of 2-1.png -> Cat-Cow Stretch Pose-14.png\n","Renamed: Copy of 21-0.png -> Cat-Cow Stretch Pose-15.png\n","Renamed: Copy of 23-0.png -> Cat-Cow Stretch Pose-16.png\n","Renamed: Copy of 24-0.png -> Cat-Cow Stretch Pose-17.png\n","Renamed: Copy of 24-1.png -> Cat-Cow Stretch Pose-18.png\n","Renamed: Copy of 25-0.png -> Cat-Cow Stretch Pose-19.png\n","Renamed: Copy of 26-0.png -> Cat-Cow Stretch Pose-20.png\n","Renamed: Copy of 26-1.png -> Cat-Cow Stretch Pose-21.png\n","Renamed: Copy of 26-2.png -> Cat-Cow Stretch Pose-22.png\n","Renamed: Copy of 28-0.png -> Cat-Cow Stretch Pose-23.png\n","Renamed: Copy of 29-0.png -> Cat-Cow Stretch Pose-24.png\n","Renamed: Copy of 29-1.png -> Cat-Cow Stretch Pose-25.png\n","Renamed: Copy of 3-0.png -> Cat-Cow Stretch Pose-26.png\n","Renamed: Copy of 30-0.png -> Cat-Cow Stretch Pose-27.png\n","Renamed: Copy of 30-1.png -> Cat-Cow Stretch Pose-28.png\n","Renamed: Copy of 31-0.png -> Cat-Cow Stretch Pose-29.png\n","Renamed: Copy of 31-1.png -> Cat-Cow Stretch Pose-30.png\n","Renamed: Copy of 32-0.png -> Cat-Cow Stretch Pose-31.png\n","Renamed: Copy of 32-1.png -> Cat-Cow Stretch Pose-32.png\n","Renamed: Copy of 4-0.png -> Cat-Cow Stretch Pose-33.png\n","Renamed: Copy of 4-1.png -> Cat-Cow Stretch Pose-34.png\n","Renamed: Copy of 4-2 copy.png -> Cat-Cow Stretch Pose-35.png\n","Renamed: Copy of 5-0.png -> Cat-Cow Stretch Pose-36.png\n","Renamed: Copy of 6-0.png -> Cat-Cow Stretch Pose-37.png\n","Renamed: Copy of 7-0.png -> Cat-Cow Stretch Pose-38.png\n","Renamed: Copy of 7-1.png -> Cat-Cow Stretch Pose-39.png\n","Renamed: Copy of 9-0.png -> Cat-Cow Stretch Pose-40.png\n"]}],"source":["import os\n","from google.colab import drive\n","\n","def rename_files_in_all_folders(parent_folder_path):\n","    for folder in os.listdir(parent_folder_path):\n","        folder_path = os.path.join(parent_folder_path, folder)\n","        if os.path.isdir(folder_path):  # Ensure it's a folder\n","            rename_files_by_folder(folder_path)\n","\n","def rename_files_by_folder(folder_path):\n","    folder_name = os.path.basename(folder_path)\n","    files = sorted([f for f in os.listdir(folder_path) if os.path.isfile(os.path.join(folder_path, f))])\n","\n","    for index, file in enumerate(files, start=1):\n","        ext = os.path.splitext(file)[1]  # Get file extension\n","        new_name = f\"{folder_name}-{index:02d}{ext}\"\n","        old_path = os.path.join(folder_path, file)\n","        new_path = os.path.join(folder_path, new_name)\n","\n","        os.rename(old_path, new_path)\n","        print(f'Renamed: {file} -> {new_name}')\n","\n","# Mount Google Drive\n","drive.mount('/content/drive')\n","\n","# Set parent folder path\n","parent_folder_path = \"/content/drive/My Drive/Yoga-Pose-Dataset-V1\"  # Change this to your dataset path\n","\n","rename_files_in_all_folders(parent_folder_path)\n"]}]}